,Counts_1,Counts_2,Counts_3,Counts_4,Counts_5,Counts_6,Counts_7,Counts_8,Counts_9,Perc_1,Perc_2,Perc_3,Perc_4,Perc_5,Perc_6,Perc_7,Perc_8,Perc_9
G,43,328,443,45,834,1262,544,941,418,0.25036390101892286,1.9097525473071326,2.579330422125182,0.26200873362445415,4.85589519650655,7.347889374090247,3.1673944687045124,5.478893740902475,2.433770014556041
A,188,1307,1521,106,1080,3293,882,1187,886,1.0946142649199417,7.609898107714702,8.85589519650655,0.6171761280931587,6.2882096069869,19.173216885007278,5.135371179039301,6.911208151382824,5.158660844250364
L,4675,1162,1911,9615,864,652,2247,2099,1354,27.219796215429405,6.765647743813682,11.126637554585153,55.98253275109171,5.03056768558952,3.7962154294032024,13.082969432314409,12.221251819505094,7.883551673944687
M,699,208,465,646,247,436,298,252,916,4.069868995633188,1.2110625909752548,2.7074235807860263,3.761280931586609,1.438136826783115,2.5385735080058223,1.735080058224163,1.467248908296943,5.333333333333334
F,1288,511,776,495,284,386,728,510,2941,7.499272197962155,2.975254730713246,4.518195050946143,2.8820960698689957,1.653566229985444,2.24745269286754,4.238719068413391,2.96943231441048,17.12372634643377
W,213,100,172,5,123,136,200,97,204,1.240174672489083,0.5822416302765648,1.0014556040756915,0.029112081513828242,0.7161572052401747,0.7918486171761281,1.1644832605531297,0.5647743813682679,1.1877729257641922
K,125,1868,1063,92,2442,402,1242,1421,210,0.727802037845706,10.87627365356623,6.189228529839884,0.5356622998544396,14.21834061135371,2.3406113537117905,7.231441048034934,8.273653566229985,1.222707423580786
Q,20,1046,905,433,846,1821,773,742,313,0.11644832605531297,6.090247452692867,5.269286754002911,2.5211062590975253,4.925764192139738,10.602620087336243,4.500727802037845,4.320232896652111,1.8224163027656477
E,96,1252,968,277,1012,1025,1272,720,679,0.5589519650655022,7.289665211062591,5.636098981077147,1.6128093158660843,5.892285298398836,5.9679767103347885,7.406113537117904,4.192139737991266,3.953420669577875
S,7,1183,936,305,1260,2121,625,1253,494,0.040756914119359534,6.887918486171761,5.449781659388647,1.7758369723435226,7.3362445414847155,12.34934497816594,3.6390101892285296,7.295487627365356,2.87627365356623
P,318,65,959,58,1044,470,1432,1350,147,1.851528384279476,0.37845705967976706,5.583697234352257,0.33770014556040756,6.078602620087336,2.7365356622998545,8.337700145560408,7.860262008733625,0.8558951965065502
V,3219,1545,1240,350,1147,752,1104,833,1662,18.74235807860262,8.995633187772926,7.219796215429403,2.037845705967977,6.678311499272198,4.378457059679767,6.427947598253275,4.850072780203785,9.676855895196507
I,5264,813,1503,1568,686,452,1108,808,1409,30.64919941775837,4.7336244541484715,8.751091703056769,9.129548762736537,3.9941775836972346,2.6317321688500726,6.451237263464337,4.704512372634643,8.203784570596797
C,44,68,221,38,158,142,91,147,181,0.2561863173216885,0.39592430858806404,1.2867540029112081,0.2212518195050946,0.9199417758369722,0.826783114992722,0.5298398835516739,0.8558951965065502,1.0538573508005822
Y,736,593,928,209,344,235,795,567,3447,4.285298398835517,3.452692867540029,5.403202328966521,1.2168850072780204,2.002911208151383,1.3682678311499272,4.6288209606986905,3.3013100436681224,20.06986899563319
H,19,629,433,7,784,392,1127,610,111,0.1106259097525473,3.662299854439592,2.5211062590975253,0.040756914119359534,4.564774381368268,2.282387190684134,6.561863173216885,3.551673944687045,0.6462882096069869
R,63,2120,935,14,1621,360,855,1294,134,0.3668122270742358,12.343522561863175,5.443959243085881,0.08151382823871907,9.438136826783115,2.096069868995633,4.978165938864628,7.534206695778749,0.7802037845705968
N,29,739,652,2612,766,1546,1052,702,589,0.16885007278020378,4.302765647743813,3.7962154294032024,15.208151382823873,4.459970887918486,9.00145560407569,6.125181950509461,4.0873362445414845,3.4294032023289662
D,57,497,329,195,673,276,335,777,717,0.3318777292576419,2.893740902474527,1.9155749636098982,1.1353711790393013,3.918486171761281,1.6069868995633187,1.9505094614264922,4.524017467248909,4.174672489082969
T,72,1141,815,105,960,1016,465,865,363,0.4192139737991266,6.643377001455604,4.745269286754003,0.611353711790393,5.5895196506550215,5.915574963609898,2.7074235807860263,5.036390101892286,2.11353711790393
