,Perc_1,Perc_2,Perc_3,Perc_4,Perc_5,Perc_6,Perc_7,Perc_8,Perc_9
G,0.25,1.91,2.58,0.26,4.86,7.35,3.17,5.48,2.43
A,1.09,7.61,8.86,0.62,6.29,19.17,5.14,6.91,5.16
L,27.22,6.77,11.13,55.98,5.03,3.8,13.08,12.22,7.88
M,4.07,1.21,2.71,3.76,1.44,2.54,1.74,1.47,5.33
F,7.5,2.98,4.52,2.88,1.65,2.25,4.24,2.97,17.12
W,1.24,0.58,1.0,0.03,0.72,0.79,1.16,0.56,1.19
K,0.73,10.88,6.19,0.54,14.22,2.34,7.23,8.27,1.22
Q,0.12,6.09,5.27,2.52,4.93,10.6,4.5,4.32,1.82
E,0.56,7.29,5.64,1.61,5.89,5.97,7.41,4.19,3.95
S,0.04,6.89,5.45,1.78,7.34,12.35,3.64,7.3,2.88
P,1.85,0.38,5.58,0.34,6.08,2.74,8.34,7.86,0.86
V,18.74,9.0,7.22,2.04,6.68,4.38,6.43,4.85,9.68
I,30.65,4.73,8.75,9.13,3.99,2.63,6.45,4.7,8.2
C,0.26,0.4,1.29,0.22,0.92,0.83,0.53,0.86,1.05
Y,4.29,3.45,5.4,1.22,2.0,1.37,4.63,3.3,20.07
H,0.11,3.66,2.52,0.04,4.56,2.28,6.56,3.55,0.65
R,0.37,12.34,5.44,0.08,9.44,2.1,4.98,7.53,0.78
N,0.17,4.3,3.8,15.21,4.46,9.0,6.13,4.09,3.43
D,0.33,2.89,1.92,1.14,3.92,1.61,1.95,4.52,4.17
T,0.42,6.64,4.75,0.61,5.59,5.92,2.71,5.04,2.11
